{"cameraMode":{"drawMode":0,"name":"Shaded","section":"Shading Mode"},"sceneLighting":false,"audioPlay":false,"sceneViewState":{"showFog":true,"showMaterialUpdate":false,"showSkybox":false,"showFlares":true,"showImageEffects":true,"showParticleSystems":true},"in2DMode":false,"pivot":{"x":31.65165901184082,"y":-12.11489486694336,"z":25.52263641357422},"rotation":{"x":-0.2166697084903717,"y":-0.2562522888183594,"z":0.05905308946967125,"w":-0.9401803612709045},"size":67.268310546875,"orthographic":false}