{"cameraMode":{"drawMode":0,"name":"Shaded","section":"Shading Mode"},"sceneLighting":false,"audioPlay":false,"sceneViewState":{"showFog":true,"showMaterialUpdate":false,"showSkybox":false,"showFlares":true,"showImageEffects":true,"showParticleSystems":true},"in2DMode":false,"pivot":{"x":-1.9719905853271485,"y":838.1600952148438,"z":25.506542205810548},"rotation":{"x":-0.1608090102672577,"y":-0.7284156680107117,"z":0.18288730084896089,"w":-0.640418529510498},"size":45.31533432006836,"orthographic":false}