{"cameraMode":{"drawMode":0,"name":"Shaded","section":"Shading Mode"},"sceneLighting":true,"audioPlay":false,"sceneViewState":{"showFog":true,"showMaterialUpdate":false,"showSkybox":true,"showFlares":true,"showImageEffects":true,"showParticleSystems":true},"in2DMode":false,"pivot":{"x":559.3209838867188,"y":230.9609375,"z":408.14532470703127},"rotation":{"x":-0.0599643848836422,"y":-0.00658184802159667,"z":0.00038730542291887105,"w":-0.9981955289840698},"size":660.6795654296875,"orthographic":false}