{"cameraMode":{"drawMode":0,"name":"Shaded","section":"Shading Mode"},"sceneLighting":false,"audioPlay":false,"sceneViewState":{"showFog":true,"showMaterialUpdate":false,"showSkybox":false,"showFlares":true,"showImageEffects":true,"showParticleSystems":true},"in2DMode":false,"pivot":{"x":-31.628677368164064,"y":806.6928100585938,"z":20.537853240966798},"rotation":{"x":0.21227064728736878,"y":-0.7147952914237976,"z":0.2448449730873108,"w":0.619753360748291},"size":52.900543212890628,"orthographic":false}