{"cameraMode":{"drawMode":0,"name":"Shaded","section":"Shading Mode"},"sceneLighting":false,"audioPlay":false,"sceneViewState":{"showFog":true,"showMaterialUpdate":false,"showSkybox":false,"showFlares":true,"showImageEffects":true,"showParticleSystems":true},"in2DMode":false,"pivot":{"x":-9.538411140441895,"y":1.5571088790893555,"z":67.52078247070313},"rotation":{"x":-0.11346615850925446,"y":0.0705711767077446,"z":-0.008088800124824047,"w":-0.9910084009170532},"size":28.692224502563478,"orthographic":false}