{"cameraMode":{"drawMode":0,"name":"Shaded","section":"Shading Mode"},"sceneLighting":false,"audioPlay":false,"sceneViewState":{"showFog":true,"showMaterialUpdate":false,"showSkybox":false,"showFlares":true,"showImageEffects":true,"showParticleSystems":true},"in2DMode":false,"pivot":{"x":26.260766983032228,"y":3.284975290298462,"z":1.9953174591064454},"rotation":{"x":-0.0022253571078181268,"y":0.9913522005081177,"z":-0.13011091947555543,"w":-0.016955748200416566},"size":6.354973316192627,"orthographic":false}