{"cameraMode":{"drawMode":0,"name":"Shaded","section":"Shading Mode"},"sceneLighting":false,"audioPlay":false,"sceneViewState":{"showFog":true,"showMaterialUpdate":false,"showSkybox":false,"showFlares":true,"showImageEffects":true,"showParticleSystems":true},"in2DMode":false,"pivot":{"x":6.71654748916626,"y":692.897216796875,"z":72.73025512695313},"rotation":{"x":-0.4866584539413452,"y":-0.03876526281237602,"z":0.021623168140649797,"w":-0.8724660277366638},"size":96.13394927978516,"orthographic":false}