{"cameraMode":{"drawMode":0,"name":"Shaded","section":"Shading Mode"},"sceneLighting":false,"audioPlay":false,"sceneViewState":{"showFog":true,"showMaterialUpdate":false,"showSkybox":false,"showFlares":true,"showImageEffects":true,"showParticleSystems":true},"in2DMode":false,"pivot":{"x":1.1920928955078126e-7,"y":13.600000381469727,"z":-23.600000381469728},"rotation":{"x":-0.7327194809913635,"y":-0.0006143341888673604,"z":0.0006614783778786659,"w":-0.6805309653282166},"size":5.196152687072754,"orthographic":false}