{"cameraMode":{"drawMode":0,"name":"Shaded","section":"Shading Mode"},"sceneLighting":false,"audioPlay":false,"sceneViewState":{"showFog":true,"showMaterialUpdate":false,"showSkybox":false,"showFlares":true,"showImageEffects":true,"showParticleSystems":true},"in2DMode":false,"pivot":{"x":-2.594750165939331,"y":813.7169799804688,"z":33.993778228759769},"rotation":{"x":0.49258551001548769,"y":0.01202014647424221,"z":-0.0067999400198459629,"w":0.8701598048210144},"size":48.96055221557617,"orthographic":false}