{"cameraMode":{"drawMode":0,"name":"Shaded","section":"Shading Mode"},"sceneLighting":false,"audioPlay":false,"sceneViewState":{"showFog":true,"showMaterialUpdate":false,"showSkybox":false,"showFlares":true,"showImageEffects":true,"showParticleSystems":true},"in2DMode":false,"pivot":{"x":-3.1344454288482668,"y":7.300804138183594,"z":-1.6616559028625489},"rotation":{"x":-0.7327194809913635,"y":-0.0006143341888673604,"z":0.0006614783778786659,"w":-0.6805309653282166},"size":29.537151336669923,"orthographic":false}