{"cameraMode":{"drawMode":0,"name":"Shaded","section":"Shading Mode"},"sceneLighting":false,"audioPlay":false,"sceneViewState":{"showFog":true,"showMaterialUpdate":false,"showSkybox":false,"showFlares":true,"showImageEffects":true,"showParticleSystems":true},"in2DMode":false,"pivot":{"x":-5.965789318084717,"y":-23.099685668945314,"z":17.808792114257814},"rotation":{"x":-0.3911948800086975,"y":-0.019640501588582994,"z":0.008245074190199376,"w":-0.9201014637947083},"size":61.830101013183597,"orthographic":false}