{"cameraMode":{"drawMode":0,"name":"Shaded","section":"Shading Mode"},"sceneLighting":false,"audioPlay":false,"sceneViewState":{"showFog":true,"showMaterialUpdate":false,"showSkybox":false,"showFlares":true,"showImageEffects":true,"showParticleSystems":true},"in2DMode":false,"pivot":{"x":0.0,"y":1.4900000095367432,"z":1.2869999408721924},"rotation":{"x":-0.7327194809913635,"y":-0.0006143341888673604,"z":0.0006614783778786659,"w":-0.6805309653282166},"size":0.3159509301185608,"orthographic":false}