{"cameraMode":{"drawMode":0,"name":"Shaded","section":"Shading Mode"},"sceneLighting":false,"audioPlay":false,"sceneViewState":{"showFog":true,"showMaterialUpdate":false,"showSkybox":false,"showFlares":true,"showImageEffects":true,"showParticleSystems":true},"in2DMode":false,"pivot":{"x":44.277366638183597,"y":2.622562885284424,"z":86.35208129882813},"rotation":{"x":-0.016516540199518205,"y":0.9749009609222412,"z":-0.20810846984386445,"w":-0.07737289369106293},"size":18.143367767333986,"orthographic":false}