{"cameraMode":{"drawMode":0,"name":"Shaded","section":"Shading Mode"},"sceneLighting":false,"audioPlay":false,"sceneViewState":{"showFog":true,"showMaterialUpdate":false,"showSkybox":false,"showFlares":true,"showImageEffects":true,"showParticleSystems":true},"in2DMode":false,"pivot":{"x":3.805140495300293,"y":-7.408628463745117,"z":-16.82843780517578},"rotation":{"x":0.009586476720869542,"y":0.976334810256958,"z":-0.21147826313972474,"w":0.044259343296289447},"size":15.130453109741211,"orthographic":false}