{"cameraMode":{"drawMode":0,"name":"Shaded","section":"Shading Mode"},"sceneLighting":false,"audioPlay":false,"sceneViewState":{"showFog":true,"showMaterialUpdate":false,"showSkybox":false,"showFlares":true,"showImageEffects":true,"showParticleSystems":true},"in2DMode":false,"pivot":{"x":-0.22273874282836915,"y":-48.58574295043945,"z":4.419156074523926},"rotation":{"x":-0.6780272126197815,"y":-0.029302427545189859,"z":0.027069367468357087,"w":-0.7339543104171753},"size":62.33035659790039,"orthographic":false}