{"cameraMode":{"drawMode":0,"name":"Shaded","section":"Shading Mode"},"sceneLighting":false,"audioPlay":false,"sceneViewState":{"showFog":true,"showMaterialUpdate":false,"showSkybox":false,"showFlares":true,"showImageEffects":true,"showParticleSystems":true},"in2DMode":false,"pivot":{"x":0.4983571171760559,"y":13.113479614257813,"z":-22.6923770904541},"rotation":{"x":-0.6545018553733826,"y":0.0321744829416275,"z":-0.02789686806499958,"w":-0.754861056804657},"size":6.123724937438965,"orthographic":false}