{"cameraMode":{"drawMode":0,"name":"Shaded","section":"Shading Mode"},"sceneLighting":false,"audioPlay":false,"sceneViewState":{"showFog":true,"showMaterialUpdate":false,"showSkybox":false,"showFlares":true,"showImageEffects":true,"showParticleSystems":true},"in2DMode":false,"pivot":{"x":-0.19667160511016847,"y":6.084144592285156,"z":0.6641979217529297},"rotation":{"x":-0.462801992893219,"y":0.04437556117773056,"z":-0.023204492405056955,"w":-0.8850467801094055},"size":7.566872596740723,"orthographic":false}