{"cameraMode":{"drawMode":0,"name":"Shaded","section":"Shading Mode"},"sceneLighting":false,"audioPlay":false,"sceneViewState":{"showFog":true,"showMaterialUpdate":false,"showSkybox":false,"showFlares":true,"showImageEffects":true,"showParticleSystems":true},"in2DMode":false,"pivot":{"x":5.754886150360107,"y":-20.74649429321289,"z":3.6400017738342287},"rotation":{"x":-0.44962528347969057,"y":-0.03830079734325409,"z":0.019302021712064744,"w":-0.8921874761581421},"size":65.51782989501953,"orthographic":false}