{"cameraMode":{"drawMode":0,"name":"Shaded","section":"Shading Mode"},"sceneLighting":false,"audioPlay":false,"sceneViewState":{"showFog":true,"showMaterialUpdate":false,"showSkybox":false,"showFlares":true,"showImageEffects":true,"showParticleSystems":true},"in2DMode":false,"pivot":{"x":-3.4622507095336916,"y":-3.1764469146728517,"z":-0.7404084205627441},"rotation":{"x":-0.14944130182266236,"y":0.8454253673553467,"z":-0.30842140316963198,"w":-0.40963777899742129},"size":7.641425132751465,"orthographic":false}