{"cameraMode":{"drawMode":0,"name":"Shaded","section":"Shading Mode"},"sceneLighting":false,"audioPlay":false,"sceneViewState":{"showFog":true,"showMaterialUpdate":false,"showSkybox":false,"showFlares":true,"showImageEffects":true,"showParticleSystems":true},"in2DMode":false,"pivot":{"x":20.699819564819337,"y":800.2003173828125,"z":32.33768081665039},"rotation":{"x":-0.39255985617637637,"y":-0.4441310465335846,"z":0.22549669444561006,"w":-0.7731733918190002},"size":67.08099365234375,"orthographic":false}