{"cameraMode":{"drawMode":0,"name":"Shaded","section":"Shading Mode"},"sceneLighting":false,"audioPlay":false,"sceneViewState":{"showFog":true,"showMaterialUpdate":false,"showSkybox":false,"showFlares":true,"showImageEffects":true,"showParticleSystems":true},"in2DMode":false,"pivot":{"x":-1.0078327655792237,"y":-16.99523162841797,"z":1.9351880550384522},"rotation":{"x":-0.6949115991592407,"y":-0.003885164624080062,"z":0.0037544029764831068,"w":-0.7190771102905273},"size":37.45831298828125,"orthographic":false}