{"cameraMode":{"drawMode":0,"name":"Shaded","section":"Shading Mode"},"sceneLighting":false,"audioPlay":false,"sceneViewState":{"showFog":true,"showMaterialUpdate":false,"showSkybox":false,"showFlares":true,"showImageEffects":true,"showParticleSystems":true},"in2DMode":false,"pivot":{"x":-3.3488011360168459,"y":0.7457796335220337,"z":0.15032196044921876},"rotation":{"x":-0.052715349942445758,"y":0.856296718120575,"z":-0.08921248465776444,"w":-0.5059829354286194},"size":3.6247446537017824,"orthographic":false}