{"cameraMode":{"drawMode":0,"name":"Shaded","section":"Shading Mode"},"sceneLighting":false,"audioPlay":false,"sceneViewState":{"showFog":true,"showMaterialUpdate":true,"showSkybox":false,"showFlares":true,"showImageEffects":true,"showParticleSystems":true},"in2DMode":false,"pivot":{"x":-0.11467957496643067,"y":-13.845766067504883,"z":41.87901306152344},"rotation":{"x":-0.2510623037815094,"y":-0.016845887526869775,"z":0.004366167820990086,"w":-0.9678367376327515},"size":34.14374542236328,"orthographic":false}