{"cameraMode":{"drawMode":0,"name":"Shaded","section":"Shading Mode"},"sceneLighting":false,"audioPlay":false,"sceneViewState":{"showFog":true,"showMaterialUpdate":true,"showSkybox":false,"showFlares":true,"showImageEffects":true,"showParticleSystems":true},"in2DMode":false,"pivot":{"x":0.0,"y":1.4900000095367432,"z":1.2869999408721924},"rotation":{"x":-0.07096976786851883,"y":-0.8729450106620789,"z":0.133542999625206,"w":-0.46381667256355288},"size":0.5663977861404419,"orthographic":false}