{"cameraMode":{"drawMode":0,"name":"Shaded","section":"Shading Mode"},"sceneLighting":false,"audioPlay":false,"sceneViewState":{"showFog":true,"showMaterialUpdate":true,"showSkybox":false,"showFlares":true,"showImageEffects":true,"showParticleSystems":true},"in2DMode":false,"pivot":{"x":-7.585169792175293,"y":-19.64613151550293,"z":-25.227703094482423},"rotation":{"x":0.04058340936899185,"y":-0.9271580576896668,"z":0.3572772443294525,"w":0.10531703382730484},"size":21.180017471313478,"orthographic":false}