{"cameraMode":{"drawMode":0,"name":"Shaded","section":"Shading Mode"},"sceneLighting":false,"audioPlay":false,"sceneViewState":{"showFog":true,"showMaterialUpdate":true,"showSkybox":false,"showFlares":true,"showImageEffects":true,"showParticleSystems":true},"in2DMode":false,"pivot":{"x":0.0428236722946167,"y":1.4333138465881348,"z":1.8393754959106446},"rotation":{"x":-0.11521664261817932,"y":0.3473673462867737,"z":-0.0430523157119751,"w":-0.9296293258666992},"size":0.7732052206993103,"orthographic":false}