{"cameraMode":{"drawMode":0,"name":"Shaded","section":"Shading Mode"},"sceneLighting":false,"audioPlay":false,"sceneViewState":{"showFog":true,"showMaterialUpdate":true,"showSkybox":false,"showFlares":true,"showImageEffects":true,"showParticleSystems":true},"in2DMode":false,"pivot":{"x":-2.0256571769714357,"y":-4.0940775871276859,"z":-6.295966625213623},"rotation":{"x":0.018658649176359178,"y":-0.8712297081947327,"z":0.48940208554267886,"w":0.03321525827050209},"size":6.954664707183838,"orthographic":false}