{"cameraMode":{"drawMode":0,"name":"Shaded","section":"Shading Mode"},"sceneLighting":false,"audioPlay":false,"sceneViewState":{"showFog":true,"showMaterialUpdate":false,"showSkybox":false,"showFlares":true,"showImageEffects":true,"showParticleSystems":true},"in2DMode":false,"pivot":{"x":55.515174865722659,"y":-10.903038024902344,"z":7.7167158126831059},"rotation":{"x":0.30039939284324648,"y":0.5407143831253052,"z":-0.21490448713302613,"w":0.755801796913147},"size":20.12894058227539,"orthographic":false}