{"cameraMode":{"drawMode":0,"name":"Shaded","section":"Shading Mode"},"sceneLighting":false,"audioPlay":false,"sceneViewState":{"showFog":true,"showMaterialUpdate":false,"showSkybox":false,"showFlares":true,"showImageEffects":true,"showParticleSystems":true},"in2DMode":false,"pivot":{"x":-1.0312385559082032,"y":8.246005058288575,"z":3.6485793590545656},"rotation":{"x":-0.0019613069016486408,"y":-0.684935450553894,"z":-0.0018420206615701318,"w":0.7286197543144226},"size":17.725671768188478,"orthographic":false}