{"cameraMode":{"drawMode":0,"name":"Shaded","section":"Shading Mode"},"sceneLighting":false,"audioPlay":false,"sceneViewState":{"showFog":true,"showMaterialUpdate":false,"showSkybox":true,"showFlares":true,"showImageEffects":true,"showParticleSystems":true},"in2DMode":false,"pivot":{"x":41.77320098876953,"y":11.610822677612305,"z":10.089641571044922},"rotation":{"x":0.28279563784599306,"y":0.025895407423377038,"z":-0.00761939724907279,"w":0.958817720413208},"size":27.39422035217285,"orthographic":false}