{"cameraMode":{"drawMode":0,"name":"Shaded","section":"Shading Mode"},"sceneLighting":false,"audioPlay":false,"sceneViewState":{"showFog":true,"showMaterialUpdate":false,"showSkybox":false,"showFlares":true,"showImageEffects":true,"showParticleSystems":true},"in2DMode":false,"pivot":{"x":0.03984355926513672,"y":7.967690944671631,"z":0.16618090867996217},"rotation":{"x":0.044038884341716769,"y":-0.6815082430839539,"z":0.04115251824259758,"w":0.7293462157249451},"size":6.35482120513916,"orthographic":false}