{"cameraMode":{"drawMode":0,"name":"Shaded","section":"Shading Mode"},"sceneLighting":false,"audioPlay":false,"sceneViewState":{"showFog":true,"showMaterialUpdate":false,"showSkybox":false,"showFlares":true,"showImageEffects":true,"showParticleSystems":true},"in2DMode":false,"pivot":{"x":-25.16626739501953,"y":-5.965808868408203,"z":30.712108612060548},"rotation":{"x":-0.2289310246706009,"y":0.05165744572877884,"z":-0.012173887342214585,"w":-0.9720046520233154},"size":51.90949630737305,"orthographic":false}