{"cameraMode":{"drawMode":0,"name":"Shaded","section":"Shading Mode"},"sceneLighting":true,"audioPlay":false,"sceneViewState":{"showFog":true,"showMaterialUpdate":false,"showSkybox":false,"showFlares":true,"showImageEffects":true,"showParticleSystems":true},"in2DMode":false,"pivot":{"x":-0.4459400177001953,"y":4.255344390869141,"z":-5.17437744140625},"rotation":{"x":-0.0042962185107171539,"y":0.987898051738739,"z":-0.15265217423439027,"w":-0.027867387980222703},"size":11.142199516296387,"orthographic":false}