{"cameraMode":{"drawMode":0,"name":"Shaded","section":"Shading Mode"},"sceneLighting":false,"audioPlay":false,"sceneViewState":{"showFog":true,"showMaterialUpdate":false,"showSkybox":false,"showFlares":true,"showImageEffects":true,"showParticleSystems":true},"in2DMode":false,"pivot":{"x":8.332256317138672,"y":2.0156402587890627,"z":-59.914222717285159},"rotation":{"x":0.002237880602478981,"y":0.9977298378944397,"z":-0.042238153517246249,"w":0.05272866040468216},"size":40.6850471496582,"orthographic":false}