{"cameraMode":{"drawMode":0,"name":"Shaded","section":"Shading Mode"},"sceneLighting":false,"audioPlay":false,"sceneViewState":{"showFog":true,"showMaterialUpdate":false,"showSkybox":false,"showFlares":true,"showImageEffects":true,"showParticleSystems":true},"in2DMode":false,"pivot":{"x":0.39999961853027346,"y":1.2000000476837159,"z":2.3999996185302736},"rotation":{"x":0.3581097722053528,"y":0.018206080421805383,"z":-0.006971612572669983,"w":0.9334926009178162},"size":14.177447319030762,"orthographic":false}