{"cameraMode":{"drawMode":0,"name":"Shaded","section":"Shading Mode"},"sceneLighting":true,"audioPlay":false,"sceneViewState":{"showFog":true,"showMaterialUpdate":false,"showSkybox":false,"showFlares":true,"showImageEffects":true,"showParticleSystems":true},"in2DMode":false,"pivot":{"x":-3.559446096420288,"y":4.642146587371826,"z":-0.21408367156982423},"rotation":{"x":0.036333128809928897,"y":-0.9598920345306397,"z":0.14832685887813569,"w":0.23520120978355409},"size":4.399271011352539,"orthographic":false}