{"cameraMode":{"drawMode":0,"name":"Shaded","section":"Shading Mode"},"sceneLighting":false,"audioPlay":false,"sceneViewState":{"showFog":true,"showMaterialUpdate":false,"showSkybox":false,"showFlares":true,"showImageEffects":true,"showParticleSystems":true},"in2DMode":false,"pivot":{"x":8.585577011108399,"y":5.52232551574707,"z":-7.320955276489258},"rotation":{"x":0.08966296911239624,"y":0.10734918713569641,"z":-0.009718206711113453,"w":0.9901384115219116},"size":7.148615837097168,"orthographic":false}