{"cameraMode":{"drawMode":0,"name":"Shaded","section":"Shading Mode"},"sceneLighting":true,"audioPlay":false,"sceneViewState":{"showFog":true,"showMaterialUpdate":false,"showSkybox":false,"showFlares":true,"showImageEffects":true,"showParticleSystems":true},"in2DMode":false,"pivot":{"x":-26.430570602416993,"y":-30.287376403808595,"z":122.91249084472656},"rotation":{"x":-0.12415964156389237,"y":0.07196882367134094,"z":-0.009039796888828278,"w":-0.9896287322044373},"size":81.55701446533203,"orthographic":false}