{"cameraMode":{"drawMode":0,"name":"Shaded","section":"Shading Mode"},"sceneLighting":false,"audioPlay":false,"sceneViewState":{"showFog":true,"showMaterialUpdate":false,"showSkybox":false,"showFlares":true,"showImageEffects":true,"showParticleSystems":true},"in2DMode":false,"pivot":{"x":24.00475311279297,"y":820.929443359375,"z":1.8465826511383057},"rotation":{"x":0.2522737979888916,"y":0.6750491857528687,"z":-0.26594993472099306,"w":0.6402928233146668},"size":29.808828353881837,"orthographic":false}